[
    {
      "pet_type": "Dog",
      "breeds": [
        "Labrador Retriever",
        "German Shepherd",
        "Golden Retriever",
        "French Bulldog",
        "Bulldog",
        "Poodle",
        "Beagle",
        "Rottweiler",
        "Dachshund",
        "Siberian Husky",
        "Pomeranian",
        "Shih Tzu",
        "Chihuahua",
        "Boxer",
        "Great Dane",
        "Pug"
      ]
    },
    {
      "pet_type": "Cat",
      "breeds": [
        "Siamese",
        "Persian",
        "Maine Coon",
        "Ragdoll",
        "Bengal",
        "Sphynx",
        "British Shorthair",
        "Abyssinian",
        "Scottish Fold",
        "Birman",
        "Russian Blue",
        "Himalayan"
      ]
    },
    {
      "pet_type": "Rabbit",
      "breeds": [
        "Holland Lop",
        "Mini Rex",
        "Netherland Dwarf",
        "Flemish Giant",
        "Lionhead",
        "Dutch",
        "Angora",
        "Californian"
      ]
    },
    {
      "pet_type": "Hamster",
      "breeds": [
        "Syrian (Golden Hamster)",
        "Dwarf Campbell Russian",
        "Dwarf Winter White Russian",
        "Roborovski Dwarf",
        "Chinese"
      ]
    },
    {
      "pet_type": "Guinea Pig",
      "breeds": [
        "American",
        "Abyssinian",
        "Peruvian",
        "Silkie (Sheltie)",
        "Teddy",
        "Texel",
        "Skinny Pig"
      ]
    },
    {
      "pet_type": "Bird",
      "breeds": [
        "Parakeet (Budgerigar)",
        "Cockatiel",
        "Canary",
        "Finch",
        "Lovebird",
        "African Grey Parrot",
        "Macaw",
        "Cockatoo",
        "Conure"
      ]
    },
    {
      "pet_type": "Fish",
      "breeds": [
        "Goldfish",
        "Betta (Siamese Fighting Fish)",
        "Guppy",
        "Angelfish",
        "Tetra",
        "Oscar",
        "Molly",
        "Platy",
        "Koi"
      ]
    },
    {
      "pet_type": "Lizard",
      "breeds": [
        "Bearded Dragon",
        "Leopard Gecko",
        "Crested Gecko",
        "Blue-Tongued Skink",
        "Green Anole",
        "Iguana",
        "Chameleon"
      ]
    },
    {
      "pet_type": "Snake",
      "breeds": [
        "Ball Python",
        "Corn Snake",
        "King Snake",
        "Boa Constrictor",
        "Garter Snake",
        "Hognose Snake"
      ]
    },
    {
      "pet_type": "Turtle",
      "breeds": [
        "Red-Eared Slider",
        "Painted Turtle",
        "Box Turtle",
        "Map Turtle",
        "Musk Turtle"
      ]
    },
    {
      "pet_type": "Ferret",
      "breeds": [
        "Sable",
        "Albino",
        "Cinnamon",
        "Dark-Eyed White (DEW)",
        "Chocolate"
      ]
    }
  ]